pred,test
-0.7580128908157349,-1.00937
